agency_name,incident_number,incident_date,offense_description,address,city,state,zip_code,latitude,longitude,year_month
DARIEN,DAPC2400212,2024-02-14,Shoplifting,"2189  75TH ST  , DARIEN, IL",DARIEN,IL,60561,41.74873565,-87.99983894755658,2024-02-01
DARIEN,DAPC2400211,2024-02-13,False Pretense/Swindle/Confidence Game,"7302  BUNKER RD  , DARIEN, IL",DARIEN,IL,60561,41.754609,-87.96606,2024-02-01
DARIEN,DAPC2400194,2024-02-09,Destruction/Damage/Vandalism of Property,"1006  JANET AV  , DARIEN, IL",DARIEN,IL,60561,41.749984,-87.970738,2024-02-01
DARIEN,DAPC2400194,2024-02-09,Simple Assault,"1006  JANET AV  , DARIEN, IL",DARIEN,IL,60561,41.749984,-87.970738,2024-02-01
DARIEN,DAPC2400179,2024-02-07,Shoplifting,"2415  75TH ST  , DARIEN, IL",DARIEN,IL,60561,41.7516679,-87.9787478,2024-02-01
DARIEN,DAPC2400173,2024-02-06,Shoplifting,"2251  75TH ST  , DARIEN, IL",DARIEN,IL,60561,41.7507399,-88.00166546161525,2024-02-01
DARIEN,DAPC2400170,2024-02-05,Shoplifting,"2189  75TH ST  , DARIEN, IL",DARIEN,IL,60561,41.74873565,-87.99983894755658,2024-02-01
DARIEN,DAPC2400193,2024-02-05,False Pretense/Swindle/Confidence Game,"1913  HOLLY AV  , DARIEN, IL",DARIEN,IL,60561,41.7602916,-87.9833646,2024-02-01
DARIEN,DAPC2400158,2024-02-03,Simple Assault,"7501  COUNTRY LN  , DARIEN, IL",DARIEN,IL,60561,41.7505041,-87.967694,2024-02-01
DARIEN,DAPC2400155,2024-02-02,Destruction/Damage/Vandalism of Property,"715  WALNUT DR  , DARIEN, IL",DARIEN,IL,60561,41.749695,-87.966899,2024-02-01
DARIEN,DAPC2400143,2024-01-31,Robbery,"2101  75TH ST  , DARIEN, IL",DARIEN,IL,60561,41.7516679,-87.9787478,2024-01-01
DARIEN,DAPC2400152,2024-01-31,All Other Larceny,"7401  CLARENDON HILLS RD  , DARIEN, IL",DARIEN,IL,60561,41.7537494,-87.95136611323214,2024-01-01
WILLOWBROOK,WLPC2400074,2024-01-29,All Other Larceny,"6141  KNOLL WOOD DR  , WILLOWBROOK, IL",WILLOWBROOK,IL,60527,41.7771324,-87.9502433,2024-01-01
DARIEN,DAPC2400134,2024-01-29,Simple Assault,"401  PLAINFIELD RD  , DARIEN, IL",DARIEN,IL,60561,41.7498157,-87.9729562,2024-01-01
DARIEN,DAPC2400125,2024-01-28,Simple Assault,"2189  75TH ST  , DARIEN, IL",DARIEN,IL,60561,41.74873565,-87.99983894755658,2024-01-01
WILLOWBROOK,WLAR24000013,2024-01-28,All Other Offenses,"WILLOWBROOK, IL",WILLOWBROOK,IL,60527,41.7697533,-87.9358931,2024-01-01
WILLOWBROOK,WLPC2400069,2024-01-27,Destruction/Damage/Vandalism of Property,"WILLOWBROOK, IL",WILLOWBROOK,IL,60527,41.7697533,-87.9358931,2024-01-01
DARIEN,DAPC2400164,2024-01-27,Shoplifting,"2101  75TH ST  , DARIEN, IL",DARIEN,IL,60561,41.7516679,-87.9787478,2024-01-01
DARIEN,DAPC2400105,2024-01-24,False Pretense/Swindle/Confidence Game,"2189  75TH ST  , DARIEN, IL",DARIEN,IL,60561,41.74873565,-87.99983894755658,2024-01-01
WILLOWBROOK,WLPC2400059,2024-01-23,Burglary/Breaking and Entering,"293  LINCOLN OAKS DR  , WILLOWBROOK, IL",WILLOWBROOK,IL,60527,41.7781376,-87.9520895,2024-01-01
WILLOWBROOK,WLPC2400060,2024-01-23,Destruction/Damage/Vandalism of Property,"7440  TENNESSEE DR  , WILLOWBROOK, IL",WILLOWBROOK,IL,60527,,,2024-01-01
WILLOWBROOK,WLPC2400060,2024-01-23,Intimidation,"7440  TENNESSEE DR  , WILLOWBROOK, IL",WILLOWBROOK,IL,60527,,,2024-01-01
DARIEN,DAPC2400095,2024-01-23,Intimidation,"1816  DARIEN CLUB DR  , DARIEN, IL",DARIEN,IL,60561,41.76143,-87.978688,2024-01-01
DARIEN,DAPC2400097,2024-01-22,All Other Larceny,"829  67TH ST  , DARIEN, IL",DARIEN,IL,60561,41.7664766,-87.9720476,2024-01-01
DARIEN,DAPC2400100,2024-01-20,Shoplifting,"7329  CASS AV  , DARIEN, IL",DARIEN,IL,60561,41.731856,-87.9729841,2024-01-01
WILLOWBROOK,WLPC2400049,2024-01-18,All Other Larceny,"7368  TENNESSEE DR  , WILLOWBROOK, IL",WILLOWBROOK,IL,60527,,,2024-01-01
DARIEN,DAPC2400074,2024-01-18,False Pretense/Swindle/Confidence Game,"113  HOLLY AV  , DARIEN, IL",DARIEN,IL,60561,41.7602916,-87.9833646,2024-01-01
DARIEN,DAPC2400069,2024-01-17,Counterfeiting/Forgery,"7409  CASS AV  , DARIEN, IL",DARIEN,IL,60561,41.731856,-87.9729841,2024-01-01
DARIEN,DAPC2400071,2024-01-17,Extortion/Blackmail,"7209  WHITTIER DR  , DARIEN, IL",DARIEN,IL,60561,41.756456,-87.981881,2024-01-01
DARIEN,DAPC2400068,2024-01-16,Simple Assault,"2106  COTTAGE LN  , DARIEN, IL",DARIEN,IL,60561,41.748074,-87.9963109,2024-01-01
DARIEN,DAPC2400072,2024-01-16,False Pretense/Swindle/Confidence Game,"7317  SUNRISE AV  , DARIEN, IL",DARIEN,IL,60561,41.757738,-87.947458,2024-01-01
DARIEN,DAPC2400059,2024-01-15,False Pretense/Swindle/Confidence Game,"2189  75TH ST  , DARIEN, IL",DARIEN,IL,60561,41.74873565,-87.99983894755658,2024-01-01
DARIEN,DAPC2400053,2024-01-14,Shoplifting,"2189  75TH ST  , DARIEN, IL",DARIEN,IL,60561,41.74873565,-87.99983894755658,2024-01-01
DARIEN,DAPC2400056,2024-01-14,Shoplifting,"2189  75TH ST  , DARIEN, IL",DARIEN,IL,60561,41.74873565,-87.99983894755658,2024-01-01
WILLOWBROOK,WLPC2400037,2024-01-13,Simple Assault,"6158  WILLOWHILL RD  , WILLOWBROOK, IL",WILLOWBROOK,IL,60527,41.7754731,-87.9544602,2024-01-01
DARIEN,DAPC2400050,2024-01-13,Simple Assault,"451  PLAINFIELD RD  , DARIEN, IL",DARIEN,IL,60561,41.7498157,-87.9729562,2024-01-01
DARIEN,DAPC2400047,2024-01-12,Wire Fraud,"7505  COUNTRY LN  , DARIEN, IL",DARIEN,IL,60561,41.7505041,-87.967694,2024-01-01
DARIEN,DAPC2400019,2024-01-05,Simple Assault,"7527  COUNTRY LN  , DARIEN, IL",DARIEN,IL,60561,41.7505041,-87.967694,2024-01-01
DARIEN,DAPC2400029,2024-01-05,Credit Card/Automatic Teller Machine Fraud,"7410  BROOKDALE DR  , DARIEN, IL",DARIEN,IL,60561,41.7538518,-87.9603171,2024-01-01
DARIEN,DAPC2400011,2024-01-03,Simple Assault,"1725  GIGI LN  , DARIEN, IL",DARIEN,IL,60561,41.7544176,-87.9895636,2024-01-01
WILLOWBROOK,WLPC2400003,2024-01-02,Destruction/Damage/Vandalism of Property,"15  PORTWINE RD  , WILLOWBROOK, IL",WILLOWBROOK,IL,60527,41.7703949,-87.9506975,2024-01-01
DARIEN,DAPC2400007,2024-01-02,All Other Larceny,"7301  TENNESSEE AV  , DARIEN, IL",DARIEN,IL,60561,41.7568115,-87.9585008,2024-01-01
WESTMONT,WSPC2301869,2023-12-31,Intimidation,"5920  CASS AV  , WESTMONT, IL",WESTMONT,IL,60559,41.8241615,-87.9732193,2023-12-01
DARIEN,DAPC2301993,2023-12-31,False Pretense/Swindle/Confidence Game,"2189  75TH ST  , DARIEN, IL",DARIEN,IL,60561,41.74873565,-87.99983894755658,2023-12-01
DARIEN,DAPC2400013,2023-12-30,Identity Theft,"7513  FARMINGDALE DR  , DARIEN, IL",DARIEN,IL,60561,41.7521774,-87.9617372,2023-12-01
WESTMONT,WSPC2400042,2023-12-29,Identity Theft,"129  CARLISLE AV  , WESTMONT, IL",WESTMONT,IL,60559,41.7778977,-87.9813145,2023-12-01
DARIEN,DAPC2301986,2023-12-29,False Pretense/Swindle/Confidence Game,"2189  75TH ST  , DARIEN, IL",DARIEN,IL,60561,41.74873565,-87.99983894755658,2023-12-01
WESTMONT,WSPC2301850,2023-12-27,All Other Larceny,"100  63RD ST  , WESTMONT, IL",WESTMONT,IL,60559,41.7739736,-87.9599978,2023-12-01
WESTMONT,WSPC2301853,2023-12-27,Shoplifting,"8  63RD ST  , WESTMONT, IL",WESTMONT,IL,60559,41.7739736,-87.9599978,2023-12-01
WESTMONT,WSPC2301847,2023-12-26,Simple Assault,"5731  DOE CIR  , WESTMONT, IL",WESTMONT,IL,60559,41.781881,-87.992758,2023-12-01
WESTMONT,WSPC2301848,2023-12-26,Identity Theft,"816  ADAMS ST  , WESTMONT, IL",WESTMONT,IL,60559,41.81083,-87.9798,2023-12-01
WILLOWBROOK,WLPC2301053,2023-12-26,Destruction/Damage/Vandalism of Property,"7518  CLARENDON HILLS RD  , WILLOWBROOK, IL",WILLOWBROOK,IL,60527,41.7478078,-87.9543029,2023-12-01
WESTMONT,WSPC2301844,2023-12-25,Simple Assault,"39  65TH ST  , WESTMONT, IL",WESTMONT,IL,60559,41.7697573,-87.977417,2023-12-01
DARIEN,DAPC2301963,2023-12-25,Animal Cruelty,"7501  COUNTRY LN  , DARIEN, IL",DARIEN,IL,60561,41.7505041,-87.967694,2023-12-01
DARIEN,DAPC2301963,2023-12-25,Intimidation,"7501  COUNTRY LN  , DARIEN, IL",DARIEN,IL,60561,41.7505041,-87.967694,2023-12-01
DARIEN,DAPC2301963,2023-12-25,Simple Assault,"7501  COUNTRY LN  , DARIEN, IL",DARIEN,IL,60561,41.7505041,-87.967694,2023-12-01
DARIEN,DAPC2301951,2023-12-24,Drug/Narcotic Violations,"DARIEN, IL",DARIEN,IL,60561,41.7508713,-87.9739593,2023-12-01
WILLOWBROOK,WLAR23000190,2023-12-24,All Other Offenses,"WILLOWBROOK, IL",WILLOWBROOK,IL,60527,41.7697533,-87.9358931,2023-12-01
DARIEN,DAPC2301955,2023-12-23,Destruction/Damage/Vandalism of Property,"7504  COUNTRY LN  , DARIEN, IL",DARIEN,IL,60561,41.7505041,-87.967694,2023-12-01
DARIEN,DAAR23000459,2023-12-23,All Other Offenses,"7329  CASS AV  , DARIEN, IL",DARIEN,IL,60561,41.731856,-87.9729841,2023-12-01
DARIEN,DAPC2301942,2023-12-22,False Pretense/Swindle/Confidence Game,"2189  75TH ST  , DARIEN, IL",DARIEN,IL,60561,41.74873565,-87.99983894755658,2023-12-01
DARIEN,DAPC2301944,2023-12-22,All Other Larceny,"7329  CASS AV  , DARIEN, IL",DARIEN,IL,60561,41.731856,-87.9729841,2023-12-01
DARIEN,DAPC2400017,2023-12-21,All Other Larceny,"805  PLAINFIELD RD  , DARIEN, IL",DARIEN,IL,60561,41.7498157,-87.9729562,2023-12-01
WESTMONT,WSPC2301828,2023-12-20,False Pretense/Swindle/Confidence Game,"6326  CASS AV  , WESTMONT, IL",WESTMONT,IL,60559,41.8241615,-87.9732193,2023-12-01
WESTMONT,WSPC2301828,2023-12-20,All Other Larceny,"6326  CASS AV  , WESTMONT, IL",WESTMONT,IL,60559,41.8241615,-87.9732193,2023-12-01
WESTMONT,WSPC2301829,2023-12-20,Destruction/Damage/Vandalism of Property,"60  PIER DR  , WESTMONT, IL",WESTMONT,IL,60559,41.770452,-87.976377,2023-12-01
WESTMONT,WSPC2301824,2023-12-19,Destruction/Damage/Vandalism of Property,"302  HUDSON ST  , WESTMONT, IL",WESTMONT,IL,60559,41.791722,-87.982205,2023-12-01
DARIEN,DAPC2301918,2023-12-18,Shoplifting,"7516  CASS AV  , DARIEN, IL",DARIEN,IL,60561,41.750260850000004,-87.97425236969485,2023-12-01
DARIEN,DAPC2301922,2023-12-18,Shoplifting,"2189  75TH ST  , DARIEN, IL",DARIEN,IL,60561,41.74873565,-87.99983894755658,2023-12-01
WILLOWBROOK,WLAR23000187,2023-12-18,All Other Offenses,"WILLOWBROOK, IL",WILLOWBROOK,IL,60527,41.7697533,-87.9358931,2023-12-01
LISLE,LIPC2301721,2023-12-17,Destruction/Damage/Vandalism of Property,"1019  MAPLE AV  , LISLE, IL",LISLE,IL,60532,41.7860758,-88.0566613,2023-12-01
LISLE,LIPC2301721,2023-12-17,Simple Assault,"1019  MAPLE AV  , LISLE, IL",LISLE,IL,60532,41.7860758,-88.0566613,2023-12-01
WILLOWBROOK,WLPC2301036,2023-12-16,Drug/Narcotic Violations,"DARIEN, IL",DARIEN,IL,60561,41.7508713,-87.9739593,2023-12-01
DARIEN,DAPC2301910,2023-12-16,Simple Assault,"7734  LINDEN AV  , DARIEN, IL",DARIEN,IL,60561,41.7497715,-87.9722419,2023-12-01
DARIEN,DAPC2301912,2023-12-16,Shoplifting,"2189  75TH ST  , DARIEN, IL",DARIEN,IL,60561,41.74873565,-87.99983894755658,2023-12-01
WESTMONT,WSPC2301827,2023-12-15,False Pretense/Swindle/Confidence Game,"53  JAMES DR  , WESTMONT, IL",WESTMONT,IL,60559,41.782661,-87.979274,2023-12-01
WESTMONT,WSPC2301806,2023-12-14,Simple Assault,"1100  WILLIAMS ST  , WESTMONT, IL",WESTMONT,IL,60559,41.7806262,-87.9845183,2023-12-01
WESTMONT,WSPC2301803,2023-12-13,Shoplifting,"8  63RD ST  , WESTMONT, IL",WESTMONT,IL,60559,41.7739736,-87.9599978,2023-12-01
WESTMONT,WSPC2301851,2023-12-13,All Other Larceny,"1012  WILLIAMS ST  , WESTMONT, IL",WESTMONT,IL,60559,,,2023-12-01
WESTMONT,WSAR23000557,2023-12-13,All Other Offenses,"DOWNERS GROVE, IL",DOWNERS GROVE,IL,60515,41.7936822,-88.0102281,2023-12-01
WILLOWBROOK,WLPC2301026,2023-12-12,Simple Assault,"5938  CLARENDON HILLS RD  , WILLOWBROOK, IL",WILLOWBROOK,IL,60527,41.7478078,-87.9543029,2023-12-01
WILLOWBROOK,WLPC2301064,2023-12-12,All Other Larceny,"128  ASCOT LN  , WILLOWBROOK, IL",WILLOWBROOK,IL,60527,41.779094,-87.951465,2023-12-01
DARIEN,DAPC2301887,2023-12-12,Simple Assault,"7425  BROOKDALE DR  , DARIEN, IL",DARIEN,IL,60561,41.7538518,-87.9603171,2023-12-01
DARIEN,DAPC2301889,2023-12-12,Drug/Narcotic Violations,"DARIEN, IL",DARIEN,IL,60561,41.7508713,-87.9739593,2023-12-01
DARIEN,DAAR23000437,2023-12-12,All Other Offenses,"DARIEN, IL",DARIEN,IL,60561,41.7508713,-87.9739593,2023-12-01
WILLOWBROOK,WLPC2301027,2023-12-11,Motor Vehicle Theft,"6137  KNOLL WOOD RD  , WILLOWBROOK, IL",WILLOWBROOK,IL,60527,41.7786413,-87.9491046,2023-12-01
WESTMONT,WSPC2301789,2023-12-11,False Pretense/Swindle/Confidence Game,"6501  CASS AV  , WESTMONT, IL",WESTMONT,IL,60559,41.8241615,-87.9732193,2023-12-01
DARIEN,DAPC2301881,2023-12-11,Shoplifting,"2189  75TH ST  , DARIEN, IL",DARIEN,IL,60561,41.74873565,-87.99983894755658,2023-12-01
WESTMONT,WSPC2301780,2023-12-10,Simple Assault,"210  CASS AV  , WESTMONT, IL",WESTMONT,IL,60559,41.8241615,-87.9732193,2023-12-01
DARIEN,DAPC2301871,2023-12-10,Simple Assault,"2418  MARLBOROUGH LN  , DARIEN, IL",DARIEN,IL,60561,41.747196,-88.003561,2023-12-01
WILLOWBROOK,WLPC2301017,2023-12-09,Intimidation,"6340  AMERICANA DR  , WILLOWBROOK, IL",WILLOWBROOK,IL,60527,41.7724071,-87.9511423,2023-12-01
DARIEN,DAPC2301865,2023-12-09,Simple Assault,"602  71ST ST  , DARIEN, IL",DARIEN,IL,60561,41.759132,-87.973285,2023-12-01
DARIEN,DAPC2301866,2023-12-09,Destruction/Damage/Vandalism of Property,"2189  75TH ST  , DARIEN, IL",DARIEN,IL,60561,41.74873565,-87.99983894755658,2023-12-01
DARIEN,DAPC2301866,2023-12-09,All Other Larceny,"2189  75TH ST  , DARIEN, IL",DARIEN,IL,60561,41.74873565,-87.99983894755658,2023-12-01
DARIEN,DAPC2301866,2023-12-09,Simple Assault,"2189  75TH ST  , DARIEN, IL",DARIEN,IL,60561,41.74873565,-87.99983894755658,2023-12-01
DARIEN,DAPC2301869,2023-12-09,Shoplifting,"2189  75TH ST  , DARIEN, IL",DARIEN,IL,60561,41.74873565,-87.99983894755658,2023-12-01
LISLE,LIPC2301695,2023-12-09,All Other Larceny,"915  GAMBLE DR  , LISLE, IL",LISLE,IL,60532,41.79208,-88.067435,2023-12-01
WESTMONT,WSPC2301777,2023-12-08,Simple Assault,"700  65TH ST  , WESTMONT, IL",WESTMONT,IL,60559,41.7697573,-87.977417,2023-12-01
DARIEN,DAPC2301859,2023-12-08,Simple Assault,"906  69TH ST  , DARIEN, IL",DARIEN,IL,60561,41.7634765,-87.9455837,2023-12-01
DARIEN,DAPC2301860,2023-12-08,Simple Assault,"7528  COUNTRY LN  , DARIEN, IL",DARIEN,IL,60561,41.7505041,-87.967694,2023-12-01
DARIEN,DAAR23000428,2023-12-08,Driving Under the Influence,"7710  CASS AV  , DARIEN, IL",DARIEN,IL,60561,41.731856,-87.9729841,2023-12-01
DARIEN,DAPC2400057,2023-12-07,False Pretense/Swindle/Confidence Game,"2189  75TH ST  , DARIEN, IL",DARIEN,IL,60561,41.74873565,-87.99983894755658,2023-12-01
WESTMONT,WSPC2301783,2023-12-07,All Other Larceny,"6706  VAIL DR  , WESTMONT, IL",WESTMONT,IL,60559,41.765502,-87.982563,2023-12-01
DARIEN,DAAR23000427,2023-12-07,Disorderly Conduct,"7730  WILDWOOD CT  , DARIEN, IL",DARIEN,IL,60561,41.7467064,-87.9749208,2023-12-01
WESTMONT,WSPC2301757,2023-12-05,Destruction/Damage/Vandalism of Property,"109  PEACH TREE LN  , WESTMONT, IL",WESTMONT,IL,60559,,,2023-12-01
WESTMONT,WSPC2301758,2023-12-05,Simple Assault,"608  65TH ST  , WESTMONT, IL",WESTMONT,IL,60559,41.7697573,-87.977417,2023-12-01
WESTMONT,WSPC2301742,2023-12-02,Simple Assault,"64  FOUNTAINHEAD DR  , WESTMONT, IL",WESTMONT,IL,60559,41.7799549,-87.9780587,2023-12-01
WESTMONT,WSPC2301751,2023-12-02,Destruction/Damage/Vandalism of Property,"33  59TH ST  , WESTMONT, IL",WESTMONT,IL,60559,41.7808155,-87.9804669,2023-12-01
DARIEN,DAPC2301835,2023-12-02,Simple Assault,"451  PLAINFIELD RD  , DARIEN, IL",DARIEN,IL,60561,41.7498157,-87.9729562,2023-12-01
DARIEN,DAPC2301840,2023-12-02,Motor Vehicle Theft,"1117  75TH ST  , DARIEN, IL",DARIEN,IL,60561,41.7516679,-87.9787478,2023-12-01
WILLOWBROOK,WLPC2400062,2023-12-01,False Pretense/Swindle/Confidence Game,"601  LAKE HINSDALE DR  , WILLOWBROOK, IL",WILLOWBROOK,IL,60527,41.7739889,-87.9489964,2023-12-01
DARIEN,DAPC2301827,2023-12-01,All Other Larceny,"6717  LEONARD DR  , DARIEN, IL",DARIEN,IL,60561,41.76362,-87.963411,2023-12-01
DARIEN,DAPC2301831,2023-12-01,All Other Larceny,"7516  CASS AV  , DARIEN, IL",DARIEN,IL,60561,41.750260850000004,-87.97425236969485,2023-12-01
DARIEN,DAPC2301846,2023-12-01,Destruction/Damage/Vandalism of Property,"7118  BEECHNUT LN  , DARIEN, IL",DARIEN,IL,60561,41.758938,-87.973272,2023-12-01
DARIEN,DAPC2301825,2023-11-30,Drug/Narcotic Violations,"701  PLAINFIELD RD  , DARIEN, IL",DARIEN,IL,60561,41.7498157,-87.9729562,2023-11-01
DARIEN,DAAR23000421,2023-11-30,All Other Offenses,"1102  75TH ST  , DARIEN, IL",DARIEN,IL,60561,41.7516679,-87.9787478,2023-11-01
DARIEN,DAPC2301828,2023-11-29,All Other Larceny,"7516  CASS AV  , DARIEN, IL",DARIEN,IL,60561,41.750260850000004,-87.97425236969485,2023-11-01
DARIEN,DAPC2301813,2023-11-29,Simple Assault,"2189  75TH ST  , DARIEN, IL",DARIEN,IL,60561,41.74873565,-87.99983894755658,2023-11-01
DARIEN,DAPC2301823,2023-11-28,All Other Larceny,"7607  LINDEN AV  , DARIEN, IL",DARIEN,IL,60561,41.7497715,-87.9722419,2023-11-01
DARIEN,DAPC2301806,2023-11-28,Identity Theft,"626  70TH ST  , DARIEN, IL",DARIEN,IL,60561,41.7614453,-87.9561104,2023-11-01
WESTMONT,WSPC2301730,2023-11-28,All Other Larceny,"16  61ST ST  , DOWNERS GROVE, IL",DOWNERS GROVE,IL,60516,41.7768491,-87.9973412,2023-11-01
ISP DCI ZONE 1,23-282MD,2023-11-27,Drug/Narcotic Violations,"2317 75th St , Woodridge, IL",Woodridge,IL,60517,41.749270100000004,-88.03819177304071,2023-11-01
DARIEN,DAPC2301799,2023-11-26,Drug/Narcotic Violations,"DARIEN, IL",DARIEN,IL,60561,41.7508713,-87.9739593,2023-11-01
DARIEN,DAAR23000414,2023-11-26,All Other Offenses,"DOWNERS GROVE, IL",DOWNERS GROVE,IL,60516,41.7936822,-88.0102281,2023-11-01
DARIEN,DAAR23000415,2023-11-26,All Other Offenses,"7329  CASS AV  , DARIEN, IL",DARIEN,IL,60561,41.731856,-87.9729841,2023-11-01
DARIEN,DAPC2301877,2023-11-25,Identity Theft,"7734  FARMINGDALE DR  , DARIEN, IL",DARIEN,IL,60561,41.7521774,-87.9617372,2023-11-01
DARIEN,DAPC2301903,2023-11-25,Counterfeiting/Forgery,"7748  SURREY DR  , DARIEN, IL",DARIEN,IL,60561,41.746601,-88.001851,2023-11-01
DARIEN,DAPC2301903,2023-11-25,All Other Larceny,"7748  SURREY DR  , DARIEN, IL",DARIEN,IL,60561,41.746601,-88.001851,2023-11-01
DARIEN,DAPC2301796,2023-11-25,False Pretense/Swindle/Confidence Game,"2189  75TH ST  , DARIEN, IL",DARIEN,IL,60561,41.74873565,-87.99983894755658,2023-11-01
WESTMONT,WSPC2301722,2023-11-25,Destruction/Damage/Vandalism of Property,"1113  FLORENCE AV  , WESTMONT, IL",WESTMONT,IL,60559,41.7747514,-87.9907428,2023-11-01
WESTMONT,WSPC2301722,2023-11-25,Intimidation,"1113  FLORENCE AV  , WESTMONT, IL",WESTMONT,IL,60559,41.7747514,-87.9907428,2023-11-01
WILLOWBROOK,WLPC2300976,2023-11-25,Intimidation,"39  STIRLING LN  , WILLOWBROOK, IL",WILLOWBROOK,IL,60527,41.7813305,-87.948942,2023-11-01
LISLE,LIPC2301643,2023-11-24,False Pretense/Swindle/Confidence Game,"824  ROLLING DR  , LISLE, IL",LISLE,IL,60532,41.7888508,-88.0708634,2023-11-01
DARIEN,DAPC2301789,2023-11-24,Shoplifting,"2189  75TH ST  , DARIEN, IL",DARIEN,IL,60561,41.74873565,-87.99983894755658,2023-11-01
WESTMONT,WSPC2301711,2023-11-24,Destruction/Damage/Vandalism of Property,"5508  KING ARTHUR CT  , WESTMONT, IL",WESTMONT,IL,60559,41.7867771,-87.9856648,2023-11-01
WESTMONT,WSPC2301716,2023-11-24,Motor Vehicle Theft,"23  WILLOW WAY  , WESTMONT, IL",WESTMONT,IL,60559,41.7690877,-87.9745225,2023-11-01
WILLOWBROOK,WLPC2300972,2023-11-24,Drug/Narcotic Violations,"CLARENDON HILLS, IL",CLARENDON HILLS,IL,60527,41.7961237,-87.9551429,2023-11-01
LISLE,LIPC2301635,2023-11-23,Shoplifting,"1117  MAPLE AV  , LISLE, IL",LISLE,IL,60532,41.7860758,-88.0566613,2023-11-01
WESTMONT,WSPC2301708,2023-11-23,Simple Assault,"1443  CARRIAGE LN  , WESTMONT, IL",WESTMONT,IL,60559,41.7690584,-87.9787918,2023-11-01
WESTMONT,WSPC2301712,2023-11-23,All Other Larceny,"530  BROOKSIDE DR  , WESTMONT, IL",WESTMONT,IL,60559,41.776037,-87.989727,2023-11-01
WESTMONT,WSPC2301712,2023-11-23,Burglary/Breaking and Entering,"530  BROOKSIDE DR  , WESTMONT, IL",WESTMONT,IL,60559,41.776037,-87.989727,2023-11-01
ISP DCI ZONE 1,23-250MD,2023-11-22,Drug/Narcotic Violations,"5740 Walnut Ave , Downers Grove, IL",Downers Grove,IL,60516,41.786103,-88.0518887,2023-11-01
DARIEN,DAPC2301780,2023-11-22,False Pretense/Swindle/Confidence Game,"7511  LEMONT RD  , DARIEN, IL",DARIEN,IL,60561,41.7487711,-88.0103257,2023-11-01
WESTMONT,WSPC2301699,2023-11-22,All Other Larceny,"816  ADAMS ST  , WESTMONT, IL",WESTMONT,IL,60559,41.81083,-87.9798,2023-11-01
WILLOWBROOK,WLPC2300970,2023-11-22,Simple Assault,"6147  KNOLL WOOD CT  , WILLOWBROOK, IL",WILLOWBROOK,IL,60527,,,2023-11-01
WESTMONT,WSAR23000531,2023-11-22,Driving Under the Influence,"5757  CASS AV  , WESTMONT, IL",WESTMONT,IL,60559,41.8241615,-87.9732193,2023-11-01
DARIEN,DAPC2301768,2023-11-21,Simple Assault,"1102  PLAINFIELD RD  , DARIEN, IL",DARIEN,IL,60561,41.7498157,-87.9729562,2023-11-01
DARIEN,DAPC2301774,2023-11-21,Simple Assault,"1046  SEAN CIR  , DARIEN, IL",DARIEN,IL,60561,41.7672687,-87.9708497,2023-11-01
DARIEN,DAPC2301776,2023-11-21,False Pretense/Swindle/Confidence Game,"933  IRONWOOD AV  , DARIEN, IL",DARIEN,IL,60561,41.7605488,-87.9693472,2023-11-01
DARIEN,DAPC2301765,2023-11-20,Simple Assault,"1910  GORDON CT  , DARIEN, IL",DARIEN,IL,60561,41.747284,-87.9907113,2023-11-01
DARIEN,DAPC2301767,2023-11-20,All Other Larceny,"1910  GORDON CT  , DARIEN, IL",DARIEN,IL,60561,41.747284,-87.9907113,2023-11-01
DARIEN,DAPC2301769,2023-11-20,Destruction/Damage/Vandalism of Property,"7504  COUNTRY LN  , DARIEN, IL",DARIEN,IL,60561,41.7505041,-87.967694,2023-11-01
WESTMONT,WSPC2301682,2023-11-19,Simple Assault,"1020  WILLIAMS ST  , WESTMONT, IL",WESTMONT,IL,60559,41.7806262,-87.9845183,2023-11-01
WESTMONT,WSPC2301684,2023-11-19,Simple Assault,"206  WILMETTE AV  , WESTMONT, IL",WESTMONT,IL,60559,41.7795199,-87.969907,2023-11-01
WILLOWBROOK,WLPC2300963,2023-11-19,Drug/Narcotic Violations,"DARIEN, IL",DARIEN,IL,60516,41.7508713,-87.9739593,2023-11-01
WILLOWBROOK,WLPC2300966,2023-11-19,Simple Assault,"6005  STEWART DR  , WILLOWBROOK, IL",WILLOWBROOK,IL,60527,41.7800475,-87.9493841,2023-11-01
DARIEN,DAAR23000404,2023-11-19,Liquor Law Violations,"7329  CASS AV  , DARIEN, IL",DARIEN,IL,60561,41.731856,-87.9729841,2023-11-01
DARIEN,DAPC2301766,2023-11-18,All Other Larceny,"7410  BROOKDALE DR  , DARIEN, IL",DARIEN,IL,60561,41.7538518,-87.9603171,2023-11-01
WILLOWBROOK,WLPC2300960,2023-11-17,False Pretense/Swindle/Confidence Game,"6300  KINGERY HWY  , WILLOWBROOK, IL",WILLOWBROOK,IL,60527,41.77289105,-87.9493780700223,2023-11-01
WILLOWBROOK,WLPC2301007,2023-11-16,Theft From Building,"6340  AMERICANA DR  , WILLOWBROOK, IL",WILLOWBROOK,IL,60527,41.7724071,-87.9511423,2023-11-01
WESTMONT,WSPC2301669,2023-11-16,Intimidation,"6255  CASS AV  , WESTMONT, IL",WESTMONT,IL,60559,41.8241615,-87.9732193,2023-11-01
DARIEN,DAAR23000403,2023-11-15,All Other Offenses,"7550  LYMAN AV  , DARIEN, IL",DARIEN,IL,60561,41.7494394,-88.0029734,2023-11-01
WESTMONT,WSPC2301681,2023-11-13,All Other Larceny,"6723  ASPEN LN  , WESTMONT, IL",WESTMONT,IL,60559,41.765514,-87.983537,2023-11-01
WILLOWBROOK,WLPC2300949,2023-11-13,Burglary/Breaking and Entering,"5948  LAUREL LN  , WILLOWBROOK, IL",WILLOWBROOK,IL,60527,41.7802616,-87.9474641,2023-11-01
WILLOWBROOK,WLPC2300950,2023-11-13,Burglary/Breaking and Entering,"47  STIRLING LN  , WILLOWBROOK, IL",WILLOWBROOK,IL,60527,41.7813305,-87.948942,2023-11-01
WESTMONT,WSPC2301651,2023-11-12,Animal Cruelty,"930  NOEL CT  , WESTMONT, IL",WESTMONT,IL,60559,41.7777263,-87.9765777,2023-11-01
WESTMONT,WSPC2301651,2023-11-12,Weapons Law Violations,"930  NOEL CT  , WESTMONT, IL",WESTMONT,IL,60559,41.7777263,-87.9765777,2023-11-01
WESTMONT,WSPC2301651,2023-11-12,Aggravated Assault,"930  NOEL CT  , WESTMONT, IL",WESTMONT,IL,60559,41.7777263,-87.9765777,2023-11-01
WESTMONT,WSPC2301652,2023-11-12,Simple Assault,"6601  CASS AV  , WESTMONT, IL",WESTMONT,IL,60559,41.8241615,-87.9732193,2023-11-01
DARIEN,DAAR23000399,2023-11-12,Disorderly Conduct,"7425  BROOKDALE DR  , DARIEN, IL",DARIEN,IL,60561,41.7538518,-87.9603171,2023-11-01
DARIEN,DAPC2301726,2023-11-11,Intimidation,"7502  CASS AV  , DARIEN, IL",DARIEN,IL,60561,41.7513148,-87.9742474,2023-11-01
DARIEN,DAPC2301726,2023-11-11,Simple Assault,"7502  CASS AV  , DARIEN, IL",DARIEN,IL,60561,41.7513148,-87.9742474,2023-11-01
DARIEN,DAPC2301727,2023-11-10,False Pretense/Swindle/Confidence Game,"7510  FARMINGDALE DR  , DARIEN, IL",DARIEN,IL,60561,41.7521774,-87.9617372,2023-11-01
DARIEN,DAPC2301724,2023-11-10,Shoplifting,"2189  75TH ST  , DARIEN, IL",DARIEN,IL,60561,41.74873565,-87.99983894755658,2023-11-01
WESTMONT,WSPC2301645,2023-11-10,Simple Assault,"21  FOUNTAINHEAD DR  , WESTMONT, IL",WESTMONT,IL,60559,41.7799549,-87.9780587,2023-11-01
WESTMONT,WSPC2301660,2023-11-10,All Other Larceny,"65  59TH ST  , WESTMONT, IL",WESTMONT,IL,60559,41.7808155,-87.9804669,2023-11-01
WESTMONT,WSPC2301676,2023-11-10,Destruction/Damage/Vandalism of Property,"1128  WILLIAMS ST  , WESTMONT, IL",WESTMONT,IL,60559,41.7806262,-87.9845183,2023-11-01
WESTMONT,WSPC2301715,2023-11-10,Destruction/Damage/Vandalism of Property,"6036  CASS AV  , WESTMONT, IL",WESTMONT,IL,60559,41.8241615,-87.9732193,2023-11-01
WILLOWBROOK,WLPC2300938,2023-11-10,Destruction/Damage/Vandalism of Property,"98  63RD ST  , WILLOWBROOK, IL",WILLOWBROOK,IL,60527,41.7741827,-87.9468698,2023-11-01
WILLOWBROOK,WLPC2300938,2023-11-10,Burglary/Breaking and Entering,"98  63RD ST  , WILLOWBROOK, IL",WILLOWBROOK,IL,60527,41.7741827,-87.9468698,2023-11-01
WESTMONT,WSPC2301639,2023-11-09,Simple Assault,"25  WILLOW WAY  , WESTMONT, IL",WESTMONT,IL,60559,41.7690877,-87.9745225,2023-11-01
DARIEN,DAPC2301716,2023-11-09,Theft From Motor Vehicle Parts/Accessories,"1534  SEQUOIA LN  , DARIEN, IL",DARIEN,IL,60561,41.7494756,-87.9779638,2023-11-01
WESTMONT,WSPC2301637,2023-11-09,False Pretense/Swindle/Confidence Game,"700  58TH ST  , WESTMONT, IL",WESTMONT,IL,60559,41.7834332,-87.9641979,2023-11-01
WESTMONT,WSAR23000510,2023-11-08,All Other Offenses,"WESTMONT, IL",WESTMONT,IL,60559,41.7950525,-87.9751964,2023-11-01
DARIEN,DAPC2301705,2023-11-07,Destruction/Damage/Vandalism of Property,"2189  75TH ST  , DARIEN, IL",DARIEN,IL,60561,41.74873565,-87.99983894755658,2023-11-01
DARIEN,DAPC2301705,2023-11-07,Simple Assault,"2189  75TH ST  , DARIEN, IL",DARIEN,IL,60561,41.74873565,-87.99983894755658,2023-11-01
WESTMONT,WSPC2301626,2023-11-07,Simple Assault,"114  56TH ST  , WESTMONT, IL",WESTMONT,IL,60559,41.786126,-87.97915,2023-11-01
WESTMONT,WSPC2301732,2023-11-07,All Other Larceny,"330  HUDSON ST  , WESTMONT, IL",WESTMONT,IL,60559,41.791722,-87.982205,2023-11-01
DARIEN,DAPC2301701,2023-11-06,False Pretense/Swindle/Confidence Game,"2201  75TH ST  , DARIEN, IL",DARIEN,IL,60561,41.7516679,-87.9787478,2023-11-01
WESTMONT,WSPC2301623,2023-11-06,Simple Assault,"8  63RD ST  , WESTMONT, IL",WESTMONT,IL,60559,41.7739736,-87.9599978,2023-11-01
LISLE,LIPC2301541,2023-11-05,Simple Assault,"6187  RIVER BEND DR  , LISLE, IL",LISLE,IL,60532,41.7760733,-88.0734308,2023-11-01
WESTMONT,WSPC2301617,2023-11-05,Destruction/Damage/Vandalism of Property,"52  59TH ST  , WESTMONT, IL",WESTMONT,IL,60559,41.7808155,-87.9804669,2023-11-01
ISP DCI ZONE 1,39116000051,2023-11-04,Intimidation,"Darien Club Dr , Darien, IL",Darien,IL,60561,41.76143,-87.978688,2023-11-01
WILLOWBROOK,WLPC2300919,2023-11-03,Destruction/Damage/Vandalism of Property,"6147  KNOLL WOOD DR  , WILLOWBROOK, IL",WILLOWBROOK,IL,60527,41.7771324,-87.9502433,2023-11-01
WILLOWBROOK,WLPC2300919,2023-11-03,Simple Assault,"6147  KNOLL WOOD DR  , WILLOWBROOK, IL",WILLOWBROOK,IL,60527,41.7771324,-87.9502433,2023-11-01
DARIEN,DAPC2301698,2023-11-03,False Pretense/Swindle/Confidence Game,"7525  NANTUCKET DR  , DARIEN, IL",DARIEN,IL,60561,41.746178,-87.964543,2023-11-01
WESTMONT,WSPC2301610,2023-11-03,Burglary/Breaking and Entering,"6703  CEDAR LN  , WESTMONT, IL",WESTMONT,IL,60559,41.7649358,-87.9814512,2023-11-01
WESTMONT,WSPC2301590,2023-11-03,All Other Larceny,"6720  TUDOR LN  , WESTMONT, IL",WESTMONT,IL,60559,41.7650766,-87.9758437,2023-11-01
WESTMONT,WSPC2301600,2023-11-03,Simple Assault,"6704  CEDAR LN  , WESTMONT, IL",WESTMONT,IL,60559,41.7649358,-87.9814512,2023-11-01
WILLOWBROOK,WLPC2300920,2023-11-03,Motor Vehicle Theft,"7343  TENNESSEE DR  , WILLOWBROOK, IL",WILLOWBROOK,IL,60527,,,2023-11-01
LISLE,LIPC2301524,2023-11-02,All Other Larceny,"1109  MAPLE AV  , LISLE, IL",LISLE,IL,60532,41.7860758,-88.0566613,2023-11-01
DARIEN,DAPC2301672,2023-11-02,Shoplifting,"2189  75TH ST  , DARIEN, IL",DARIEN,IL,60561,41.74873565,-87.99983894755658,2023-11-01
WESTMONT,WSPC2301584,2023-11-02,Simple Assault,"5920  CASS AV  , WESTMONT, IL",WESTMONT,IL,60559,41.8241615,-87.9732193,2023-11-01
WESTMONT,WSPC2301595,2023-11-02,Destruction/Damage/Vandalism of Property,"13  WILLOW WAY  , WESTMONT, IL",WESTMONT,IL,60559,41.7690877,-87.9745225,2023-11-01
WESTMONT,WSPC2301581,2023-11-01,All Other Larceny,"816  ADAMS ST  , WESTMONT, IL",WESTMONT,IL,60559,41.81083,-87.9798,2023-11-01
DARIEN,DAPC2301679,2023-11-01,Burglary/Breaking and Entering,"900  67TH ST  , DARIEN, IL",DARIEN,IL,60561,41.7664766,-87.9720476,2023-11-01
WESTMONT,WSPC2301579,2023-11-01,False Pretense/Swindle/Confidence Game,"6301  FAIRVIEW AV  , WESTMONT, IL",WESTMONT,IL,60559,,,2023-11-01
DUPAGE SO,SOPC2314464,2023-10-31,Destruction/Damage/Vandalism of Property,"5607  WESTVIEW LN  , LISLE, IL",LISLE,IL,60532,41.78441745,-88.05897385060427,2023-10-01
WESTMONT,WSPC2301572,2023-10-31,Counterfeiting/Forgery,"6301  FAIRVIEW AV  , WESTMONT, IL",WESTMONT,IL,60559,,,2023-10-01
DUPAGE SO,SOPC2314461,2023-10-30,False Pretense/Swindle/Confidence Game,"355  55TH ST  , CLARENDON HILLS, IL",CLARENDON HILLS,IL,60514,41.7886264,-87.9487975,2023-10-01
LISLE,LIPC2301503,2023-10-30,Drug/Narcotic Violations,"LISLE, IL",LISLE,IL,60532,41.801159,-88.0747687,2023-10-01
DARIEN,DAPC2301655,2023-10-30,False Pretense/Swindle/Confidence Game,"2189  75TH ST  , DARIEN, IL",DARIEN,IL,60561,41.74873565,-87.99983894755658,2023-10-01
DARIEN,DAPC2301645,2023-10-29,Burglary/Breaking and Entering,"7414  CASS AV  , DARIEN, IL",DARIEN,IL,60561,41.752837400000004,-87.97521088718611,2023-10-01
DUPAGE SO,SOPC2314354,2023-10-29,Simple Assault,"2143  MAPLE AV  , DOWNERS GROVE, IL",DOWNERS GROVE,IL,60515,41.795864,-87.9975729,2023-10-01
DARIEN,DAPC2301641,2023-10-29,Destruction/Damage/Vandalism of Property,"7516  CASS AV  , DARIEN, IL",DARIEN,IL,60561,41.750260850000004,-87.97425236969485,2023-10-01
DARIEN,DAPC2301642,2023-10-29,Destruction/Damage/Vandalism of Property,"7516  CASS AV  , DARIEN, IL",DARIEN,IL,60561,41.750260850000004,-87.97425236969485,2023-10-01
DARIEN,DAPC2301647,2023-10-29,Simple Assault,"1510  SEQUOIA LN  , DARIEN, IL",DARIEN,IL,60561,41.7494756,-87.9779638,2023-10-01
WESTMONT,WSPC2301564,2023-10-29,Motor Vehicle Theft,"1120  WILLIAMS ST  , WESTMONT, IL",WESTMONT,IL,60559,,,2023-10-01
WESTMONT,WSPC2301725,2023-10-28,False Pretense/Swindle/Confidence Game,"5707  CASS AV  , WESTMONT, IL",WESTMONT,IL,60559,41.8241615,-87.9732193,2023-10-01
DARIEN,DAPC2301634,2023-10-28,Shoplifting,"2189  75TH ST  , DARIEN, IL",DARIEN,IL,60561,41.74873565,-87.99983894755658,2023-10-01
DARIEN,DAPC2301636,2023-10-28,Intimidation,"1109  75TH ST  , DARIEN, IL",DARIEN,IL,60561,41.7516679,-87.9787478,2023-10-01
DARIEN,DAPC2301637,2023-10-28,Shoplifting,"2189  75TH ST  , DARIEN, IL",DARIEN,IL,60561,41.74873565,-87.99983894755658,2023-10-01
WILLOWBROOK,WLPC2300900,2023-10-28,False Pretense/Swindle/Confidence Game,"6520  ARABIAN CIR  , WILLOWBROOK, IL",WILLOWBROOK,IL,60527,41.7698439,-87.956764,2023-10-01
DARIEN,DAPC2301663,2023-10-27,Identity Theft,"1802  HOWDY LN  , DARIEN, IL",DARIEN,IL,60561,41.755979,-87.990132,2023-10-01
DARIEN,DAPC2301663,2023-10-27,Counterfeiting/Forgery,"1802  HOWDY LN  , DARIEN, IL",DARIEN,IL,60561,41.755979,-87.990132,2023-10-01
DUPAGE SO,SOPC2314300,2023-10-27,Simple Assault,"16W 780  57TH ST  , CLARENDON HILLS, IL",CLARENDON HILLS,IL,60514,,,2023-10-01
WESTMONT,WSPC2301560,2023-10-27,All Other Larceny,"532  LINDLEY RD  , WESTMONT, IL",WESTMONT,IL,60559,41.7880751,-87.9817201,2023-10-01
DARIEN,DAPC2301886,2023-10-25,Identity Theft,"7337  BUNKER RD  , DARIEN, IL",DARIEN,IL,60561,41.754609,-87.96606,2023-10-01
LISLE,LIPC2301481,2023-10-25,All Other Larceny,"5200  LINCOLN AV  , LISLE, IL",LISLE,IL,60532,41.8025573,-88.0776405,2023-10-01
DARIEN,DAPC2301617,2023-10-25,Simple Assault,"7410  BROOKDALE DR  , DARIEN, IL",DARIEN,IL,60561,41.7538518,-87.9603171,2023-10-01
WESTMONT,WSPC2301547,2023-10-25,Burglary/Breaking and Entering,"546  CREEKWOOD CT  , WESTMONT, IL",WESTMONT,IL,60559,41.7758342,-87.9932312,2023-10-01
WESTMONT,WSPC2301551,2023-10-25,Simple Assault,"6704  TUDOR LN  , WESTMONT, IL",WESTMONT,IL,60559,41.7650766,-87.9758437,2023-10-01
DARIEN,DAPC2301611,2023-10-24,Simple Assault,"7527  COUNTRY LN  , DARIEN, IL",DARIEN,IL,60561,41.7505041,-87.967694,2023-10-01
DARIEN,DAPC2301613,2023-10-24,Simple Assault,"2189  75TH ST  , DARIEN, IL",DARIEN,IL,60561,41.74873565,-87.99983894755658,2023-10-01
DUPAGE SO,SOAR23001489,2023-10-24,All Other Offenses,"5901  PERSHING AV  , DOWNERS GROVE, IL",DOWNERS GROVE,IL,60516,41.8069883,-88.0368146,2023-10-01
WILLOWBROOK,WLPC2300887,2023-10-23,Destruction/Damage/Vandalism of Property,"7404  TENNESSEE DR  , WILLOWBROOK, IL",WILLOWBROOK,IL,60527,,,2023-10-01
DARIEN,DAPC2301606,2023-10-23,Identity Theft,"7733  BROOKHAVEN AV  , DARIEN, IL",DARIEN,IL,60561,41.746884,-87.970576,2023-10-01
WESTMONT,WSPC2301566,2023-10-23,False Pretense/Swindle/Confidence Game,"7  JAMES DR  , WESTMONT, IL",WESTMONT,IL,60559,41.782661,-87.979274,2023-10-01
WILLOWBROOK,WLPC2300880,2023-10-22,Destruction/Damage/Vandalism of Property,"7555  SHERIDAN DR  , WILLOWBROOK, IL",WILLOWBROOK,IL,60527,41.750021,-87.957111,2023-10-01
WILLOWBROOK,WLPC2300879,2023-10-22,Intimidation,"320  CHATELAINE CT  , WILLOWBROOK, IL",WILLOWBROOK,IL,60527,41.776943,-87.957113,2023-10-01
DUPAGE SO,SOPC2314150,2023-10-21,All Other Larceny,"18W 164  73RD PL  , DARIEN, IL",DARIEN,IL,60561,,,2023-10-01
DARIEN,DAPC2301595,2023-10-21,Shoplifting,"7516  CASS AV  , DARIEN, IL",DARIEN,IL,60561,41.750260850000004,-87.97425236969485,2023-10-01
WESTMONT,WSPC2301527,2023-10-21,Simple Assault,"1112  WILLIAMS ST  , WESTMONT, IL",WESTMONT,IL,60559,41.7806262,-87.9845183,2023-10-01
WILLOWBROOK,WLPC2300874,2023-10-21,Wire Fraud,"701  LAKE HINSDALE DR  , WILLOWBROOK, IL",WILLOWBROOK,IL,60527,41.7739889,-87.9489964,2023-10-01
WILLOWBROOK,WLPC2300890,2023-10-20,Destruction/Damage/Vandalism of Property,"6180  KNOLL LANE CT  , WILLOWBROOK, IL",WILLOWBROOK,IL,60527,41.777405,-87.9531329,2023-10-01
WESTMONT,WSPC2301522,2023-10-20,Shoplifting,"150  63RD ST  , WESTMONT, IL",WESTMONT,IL,60559,41.775442850000005,-87.9787068853551,2023-10-01
DARIEN,DAPC2301586,2023-10-19,Shoplifting,"2189  75TH ST  , DARIEN, IL",DARIEN,IL,60561,41.74873565,-87.99983894755658,2023-10-01
WESTMONT,WSPC2301515,2023-10-19,Simple Assault,"1030  VANDUSTRIAL DR  , WESTMONT, IL",WESTMONT,IL,60559,41.775334,-87.982803,2023-10-01
DARIEN,DAPC2301578,2023-10-18,Destruction/Damage/Vandalism of Property,"DARIEN, IL",DARIEN,IL,60561,41.7508713,-87.9739593,2023-10-01
DARIEN,DAPC2301653,2023-10-18,All Other Larceny,"7502  CASS AV  , DARIEN, IL",DARIEN,IL,60561,41.7513148,-87.9742474,2023-10-01
WESTMONT,WSPC2301509,2023-10-18,Disorderly Conduct,"206  OAK AV  , WESTMONT, IL",WESTMONT,IL,60559,41.791976,-87.967925,2023-10-01
DARIEN,DAPC2301775,2023-10-17,All Other Larceny,"2101  75TH ST  , DARIEN, IL",DARIEN,IL,60561,41.7516679,-87.9787478,2023-10-01
WESTMONT,WSPC2301506,2023-10-17,Simple Assault,"225  WILMETTE AV  , WESTMONT, IL",WESTMONT,IL,60559,41.7795199,-87.969907,2023-10-01
DARIEN,DAPC2301569,2023-10-15,Shoplifting,"7516  CASS AV  , DARIEN, IL",DARIEN,IL,60561,41.750260850000004,-87.97425236969485,2023-10-01
DARIEN,DAPC2301571,2023-10-15,Shoplifting,"7516  CASS AV  , DARIEN, IL",DARIEN,IL,60561,41.750260850000004,-87.97425236969485,2023-10-01
DARIEN,DAPC2301565,2023-10-14,Shoplifting,"2189  75TH ST  , DARIEN, IL",DARIEN,IL,60561,41.74873565,-87.99983894755658,2023-10-01
DARIEN,DAPC2301566,2023-10-14,Shoplifting,"2189  75TH ST  , DARIEN, IL",DARIEN,IL,60561,41.74873565,-87.99983894755658,2023-10-01
DARIEN,DAPC2301579,2023-10-14,All Other Larceny,"2129  75TH ST  , DARIEN, IL",DARIEN,IL,60561,41.7492111,-87.9973629,2023-10-01
WESTMONT,WSPC2301491,2023-10-13,All Other Larceny,"1441  CARRIAGE LN  , WESTMONT, IL",WESTMONT,IL,60559,41.7690584,-87.9787918,2023-10-01
WESTMONT,WSPC2301492,2023-10-13,Shoplifting,"6006  CASS AV  , WESTMONT, IL",WESTMONT,IL,60559,41.8241615,-87.9732193,2023-10-01
DARIEN,DAJC23000011,2023-10-13,Disorderly Conduct,"7401  CLARENDON HILLS RD  , DARIEN, IL",DARIEN,IL,60561,41.7537494,-87.95136611323214,2023-10-01
WESTMONT,WSPC2301482,2023-10-12,Simple Assault,"1024  ASHFORD LN  , WESTMONT, IL",WESTMONT,IL,60559,41.7743172,-87.9714252,2023-10-01
WESTMONT,WSPC2301486,2023-10-12,False Pretense/Swindle/Confidence Game,"306  HUDSON ST  , WESTMONT, IL",WESTMONT,IL,60559,41.791722,-87.982205,2023-10-01
WILLOWBROOK,WLPC2300852,2023-10-11,Motor Vehicle Theft,"210  MACARTHUR DR  , WILLOWBROOK, IL",WILLOWBROOK,IL,60527,41.7795142,-87.9550328,2023-10-01
DARIEN,DAPC2301550,2023-10-11,Destruction/Damage/Vandalism of Property,"2189  75TH ST  , DARIEN, IL",DARIEN,IL,60561,41.74873565,-87.99983894755658,2023-10-01
DARIEN,DAPC2301551,2023-10-11,Destruction/Damage/Vandalism of Property,"7106  BEECHNUT LN  , DARIEN, IL",DARIEN,IL,60561,41.758938,-87.973272,2023-10-01
DARIEN,DAPC2301554,2023-10-11,Destruction/Damage/Vandalism of Property,"1021  75TH ST  , DARIEN, IL",DARIEN,IL,60561,41.7516679,-87.9787478,2023-10-01
WESTMONT,WSPC2301475,2023-10-10,Simple Assault,"6300  CASS AV  , WESTMONT, IL",WESTMONT,IL,60559,41.8241615,-87.9732193,2023-10-01
WESTMONT,WSPC2301475,2023-10-10,Robbery,"6300  CASS AV  , WESTMONT, IL",WESTMONT,IL,60559,41.8241615,-87.9732193,2023-10-01
WILLOWBROOK,WLPC2300850,2023-10-10,All Other Larceny,"6300  KINGERY HWY  , WILLOWBROOK, IL",WILLOWBROOK,IL,60516,41.77289105,-87.9493780700223,2023-10-01
WILLOWBROOK,WLPC2300847,2023-10-09,Burglary/Breaking and Entering,"215  63RD ST  , WILLOWBROOK, IL",WILLOWBROOK,IL,60527,41.7741827,-87.9468698,2023-10-01
DARIEN,DAPC2301540,2023-10-08,Extortion/Blackmail,"7318  DARIEN LN  , DARIEN, IL",DARIEN,IL,60561,41.753566,-87.97074,2023-10-01
DARIEN,DAPC2301548,2023-10-08,All Other Larceny,"7713  BROOKHAVEN AV  , DARIEN, IL",DARIEN,IL,60561,41.746884,-87.970576,2023-10-01
DARIEN,DAPC2301531,2023-10-07,Shoplifting,"7516  CASS AV  , DARIEN, IL",DARIEN,IL,60561,41.750260850000004,-87.97425236969485,2023-10-01
DARIEN,DAPC2301532,2023-10-07,False Pretense/Swindle/Confidence Game,"2189  75TH ST  , DARIEN, IL",DARIEN,IL,60561,41.74873565,-87.99983894755658,2023-10-01
WESTMONT,WSPC2301456,2023-10-07,Simple Assault,"1440  WILLOW LN  , WESTMONT, IL",WESTMONT,IL,60559,41.770556,-87.9760294,2023-10-01
WESTMONT,WSPC2301459,2023-10-06,False Pretense/Swindle/Confidence Game,"504  BROOKSIDE DR  , WESTMONT, IL",WESTMONT,IL,60559,41.776037,-87.989727,2023-10-01
WESTMONT,WSPC2301451,2023-10-06,Destruction/Damage/Vandalism of Property,"6501  CASS AV  , WESTMONT, IL",WESTMONT,IL,60559,41.8241615,-87.9732193,2023-10-01
DARIEN,DAPC2301522,2023-10-05,Simple Assault,"817  ALBANY LN  , DARIEN, IL",DARIEN,IL,60561,41.765134,-87.966239,2023-10-01
WESTMONT,WSPC2301447,2023-10-05,Theft From Building,"504  BROOKSIDE DR  , WESTMONT, IL",WESTMONT,IL,60559,41.776037,-87.989727,2023-10-01
DARIEN,DAPC2301514,2023-10-04,Simple Assault,"7516  MAIN ST  , DARIEN, IL",DARIEN,IL,60561,41.7366145,-88.008163,2023-10-01
WESTMONT,WSPC2301444,2023-10-04,Destruction/Damage/Vandalism of Property,"6706  ECHO LN  , WESTMONT, IL",WESTMONT,IL,60559,41.7650876,-87.9748885,2023-10-01
WESTMONT,WSPC2301444,2023-10-04,Simple Assault,"6706  ECHO LN  , WESTMONT, IL",WESTMONT,IL,60559,41.7650876,-87.9748885,2023-10-01
WESTMONT,WSPC2301445,2023-10-04,Destruction/Damage/Vandalism of Property,"33  59TH ST  , WESTMONT, IL",WESTMONT,IL,60559,41.7808155,-87.9804669,2023-10-01
WESTMONT,WSPC2301464,2023-10-04,Theft From Motor Vehicle,"907  WILLIAMS ST  , WESTMONT, IL",WESTMONT,IL,60559,41.7806262,-87.9845183,2023-10-01
WESTMONT,WSPC2301535,2023-10-04,False Pretense/Swindle/Confidence Game,"511  WILMETTE AV  , WESTMONT, IL",WESTMONT,IL,60559,41.7795199,-87.969907,2023-10-01
DUPAGE SO,SOPC2313169,2023-10-02,Simple Assault,"6215  BELMONT AV  , DOWNERS GROVE, IL",DOWNERS GROVE,IL,60516,41.776076,-88.036861,2023-10-01
DARIEN,DAPC2301497,2023-10-02,False Pretense/Swindle/Confidence Game,"2189  75TH ST  , DARIEN, IL",DARIEN,IL,60561,41.74873565,-87.99983894755658,2023-10-01
DARIEN,DAPC2301503,2023-10-02,Simple Assault,"7401  CLARENDON HILLS RD  , DARIEN, IL",DARIEN,IL,60561,41.7537494,-87.95136611323214,2023-10-01
WESTMONT,WSPC2301437,2023-10-02,Motor Vehicle Theft,"1128  WILLIAMS ST  , WESTMONT, IL",WESTMONT,IL,60559,41.7806262,-87.9845183,2023-10-01
WESTMONT,WSPC2301441,2023-10-02,Identity Theft,"710  63RD ST  , WESTMONT, IL",WESTMONT,IL,60559,41.7739736,-87.9599978,2023-10-01
DARIEN,DAAR23000354,2023-10-02,All Other Offenses,"DARIEN, IL",DARIEN,IL,60561,41.7508713,-87.9739593,2023-10-01
WILLOWBROOK,WLPC2300822,2023-10-01,Motor Vehicle Theft,"162  MACARTHUR DR  , WILLOWBROOK, IL",WILLOWBROOK,IL,60527,41.7795142,-87.9550328,2023-10-01
DARIEN,DAPC2301670,2023-10-01,Motor Vehicle Theft,"714  WALNUT DR  , DARIEN, IL",DARIEN,IL,60561,41.749695,-87.966899,2023-10-01
WESTMONT,WSPC2301430,2023-10-01,Theft From Motor Vehicle,"616  65TH ST  , WESTMONT, IL",WESTMONT,IL,60559,41.7697573,-87.977417,2023-10-01
WESTMONT,WSPC2301431,2023-10-01,Shoplifting,"150  63RD ST  , WESTMONT, IL",WESTMONT,IL,60559,41.775442850000005,-87.9787068853551,2023-10-01
WESTMONT,WSPC2301724,2023-10-01,Identity Theft,"229  65TH ST  , WESTMONT, IL",WESTMONT,IL,60559,41.7697573,-87.977417,2023-10-01
DARIEN,DAPC2301489,2023-09-30,Shoplifting,"2189  75TH ST  , DARIEN, IL",DARIEN,IL,60561,41.74873565,-87.99983894755658,2023-09-01
DARIEN,DAPC2301491,2023-09-30,Identity Theft,"6813  CLARENDON HILLS RD  , DARIEN, IL",DARIEN,IL,60561,41.7644949,-87.9548392,2023-09-01
DARIEN,DAPC2301491,2023-09-30,All Other Larceny,"6813  CLARENDON HILLS RD  , DARIEN, IL",DARIEN,IL,60561,41.7644949,-87.9548392,2023-09-01
WILLOWBROOK,WLPC2300825,2023-09-30,Destruction/Damage/Vandalism of Property,"88  ASCOT LN  , WILLOWBROOK, IL",WILLOWBROOK,IL,60527,41.779094,-87.951465,2023-09-01
WILLOWBROOK,WLPC2300816,2023-09-29,Simple Assault,"WILLOWBROOK, IL",WILLOWBROOK,IL,60527,41.7697533,-87.9358931,2023-09-01
WESTMONT,WSPC2301426,2023-09-29,Burglary/Breaking and Entering,"1039  LONGFORD DR  , WESTMONT, IL",WESTMONT,IL,60559,41.775526,-87.965775,2023-09-01
WILLOWBROOK,WLPC2300812,2023-09-28,Simple Assault,"6103  KNOLL VALLEY DR  , WILLOWBROOK, IL",WILLOWBROOK,IL,60527,41.7770366,-87.9475952,2023-09-01
DARIEN,DAAR23000351,2023-09-28,All Other Offenses,"1529  SEQUOIA LN  , DARIEN, IL",DARIEN,IL,60561,41.7494756,-87.9779638,2023-09-01
WILLOWBROOK,WLPC2300808,2023-09-27,Destruction/Damage/Vandalism of Property,"30  63RD ST  , WILLOWBROOK, IL",WILLOWBROOK,IL,60527,41.7741827,-87.9468698,2023-09-01
WILLOWBROOK,WLPC2300808,2023-09-27,Burglary/Breaking and Entering,"30  63RD ST  , WILLOWBROOK, IL",WILLOWBROOK,IL,60527,41.7741827,-87.9468698,2023-09-01
WESTMONT,WSPC2301412,2023-09-27,Motor Vehicle Theft,"300  60TH ST  , WESTMONT, IL",WESTMONT,IL,60559,41.778835,-87.989247,2023-09-01
DARIEN,DAPC2301472,2023-09-27,Destruction/Damage/Vandalism of Property,"925  67TH ST  , DARIEN, IL",DARIEN,IL,60561,41.7664766,-87.9720476,2023-09-01
DARIEN,DAPC2301475,2023-09-27,Intimidation,"7410  BROOKDALE DR  , DARIEN, IL",DARIEN,IL,60561,41.7538518,-87.9603171,2023-09-01
DARIEN,DAPC2301475,2023-09-27,Simple Assault,"7410  BROOKDALE DR  , DARIEN, IL",DARIEN,IL,60561,41.7538518,-87.9603171,2023-09-01
DARIEN,DAPC2301564,2023-09-27,Theft From Building,"7513  FARMINGDALE DR  , DARIEN, IL",DARIEN,IL,60561,41.7521774,-87.9617372,2023-09-01
LISLE,LIPC2301329,2023-09-26,Weapons Law Violations,"5385  WESTVIEW LN  , LISLE, IL",LISLE,IL,60532,41.790699,-88.058776,2023-09-01
DARIEN,DAPC2301469,2023-09-26,Credit Card/Automatic Teller Machine Fraud,"2189  75TH ST  , DARIEN, IL",DARIEN,IL,60561,41.74873565,-87.99983894755658,2023-09-01
DARIEN,DAPC2301469,2023-09-26,Motor Vehicle Theft,"2189  75TH ST  , DARIEN, IL",DARIEN,IL,60561,41.74873565,-87.99983894755658,2023-09-01
DARIEN,DAPC2301480,2023-09-26,All Other Larceny,"7502  CASS AV  , DARIEN, IL",DARIEN,IL,60561,41.7513148,-87.9742474,2023-09-01
WESTMONT,WSPC2301413,2023-09-26,Destruction/Damage/Vandalism of Property,"6707  TUDOR LN  , WESTMONT, IL",WESTMONT,IL,60559,41.7650766,-87.9758437,2023-09-01
WESTMONT,WSPC2301407,2023-09-25,Simple Assault,"11  WILLOW WAY  , WESTMONT, IL",WESTMONT,IL,60559,41.7690877,-87.9745225,2023-09-01
DARIEN,DAPC2301479,2023-09-25,Extortion/Blackmail,"704  SOMERSET LN  , DARIEN, IL",DARIEN,IL,60561,41.747032,-87.963195,2023-09-01
DARIEN,DAJC23000010,2023-09-25,Disorderly Conduct,"714  WALNUT DR  , DARIEN, IL",DARIEN,IL,60561,41.749695,-87.966899,2023-09-01
WESTMONT,WSPC2301395,2023-09-24,Simple Assault,"122  67TH ST  , WESTMONT, IL",WESTMONT,IL,60559,41.7661971,-87.9792751,2023-09-01
WESTMONT,WSPC2301396,2023-09-24,Simple Assault,"6707  CEDAR LN  , WESTMONT, IL",WESTMONT,IL,60559,41.7649358,-87.9814512,2023-09-01
WESTMONT,WSPC2301398,2023-09-24,Simple Assault,"5606  KING ARTHUR CT  , WESTMONT, IL",WESTMONT,IL,60559,41.7867771,-87.9856648,2023-09-01
WILLOWBROOK,WLPC2300804,2023-09-24,Destruction/Damage/Vandalism of Property,"6156  KNOLL WAY DR  , WILLOWBROOK, IL",WILLOWBROOK,IL,60527,41.7778999,-87.952011,2023-09-01
DARIEN,DAAR23000345,2023-09-24,Driving Under the Influence,"DARIEN, IL",DARIEN,IL,60561,41.7508713,-87.9739593,2023-09-01
WESTMONT,WSPC2301403,2023-09-23,False Pretense/Swindle/Confidence Game,"6705  TUDOR LN  , WESTMONT, IL",WESTMONT,IL,60559,41.7650766,-87.9758437,2023-09-01
WESTMONT,WSPC2301439,2023-09-23,Shoplifting,"150  63RD ST  , WESTMONT, IL",WESTMONT,IL,60559,41.775442850000005,-87.9787068853551,2023-09-01
WILLOWBROOK,WLPC2300797,2023-09-23,Destruction/Damage/Vandalism of Property,"5948  LAUREL LN  , WILLOWBROOK, IL",WILLOWBROOK,IL,60527,41.7802616,-87.9474641,2023-09-01
WILLOWBROOK,WLPC2300797,2023-09-23,Motor Vehicle Theft,"5948  LAUREL LN  , WILLOWBROOK, IL",WILLOWBROOK,IL,60527,41.7802616,-87.9474641,2023-09-01
WILLOWBROOK,WLPC2300799,2023-09-23,Identity Theft,"6620  SNUG HARBOR DR  , WILLOWBROOK, IL",WILLOWBROOK,IL,60527,41.7685302,-87.9537296,2023-09-01
WILLOWBROOK,WLPC2300796,2023-09-22,False Pretense/Swindle/Confidence Game,"242  LINCOLN OAKS DR  , WILLOWBROOK, IL",WILLOWBROOK,IL,60527,41.7781376,-87.9520895,2023-09-01
DARIEN,DAPC2301501,2023-09-22,All Other Larceny,"7401  CLARENDON HILLS RD  , DARIEN, IL",DARIEN,IL,60561,41.7537494,-87.95136611323214,2023-09-01
DARIEN,DAPC2301450,2023-09-22,All Other Larceny,"2189  75TH ST  , DARIEN, IL",DARIEN,IL,60561,41.74873565,-87.99983894755658,2023-09-01
DARIEN,DAPC2301447,2023-09-21,False Pretense/Swindle/Confidence Game,"817  ANDERMANN LN  , DARIEN, IL",DARIEN,IL,60561,41.747558,-87.963875,2023-09-01
WESTMONT,WSPC2301382,2023-09-21,All Other Larceny,"100  63RD ST  , WESTMONT, IL",WESTMONT,IL,60559,41.7739736,-87.9599978,2023-09-01
DUPAGE SO,SOPC2312591,2023-09-20,Destruction/Damage/Vandalism of Property,"5515  TENNESSEE AV  , CLARENDON HILLS, IL",CLARENDON HILLS,IL,60514,,,2023-09-01
DUPAGE SO,SOPC2312706,2023-09-20,Destruction/Damage/Vandalism of Property,"5515  TENNESSEE AV  , CLARENDON HILLS, IL",CLARENDON HILLS,IL,60514,,,2023-09-01
DUPAGE SO,SOPC2312514,2023-09-19,Intimidation,"5901  PERSHING AV  , DOWNERS GROVE, IL",DOWNERS GROVE,IL,60516,41.8069883,-88.0368146,2023-09-01
DARIEN,DAPC2301446,2023-09-19,False Pretense/Swindle/Confidence Game,"7717  LESTER LN  , DARIEN, IL",DARIEN,IL,60561,41.7477413,-87.9763185,2023-09-01
WESTMONT,WSPC2301372,2023-09-19,Destruction/Damage/Vandalism of Property,"5801  CASS AV  , WESTMONT, IL",WESTMONT,IL,60559,41.8241615,-87.9732193,2023-09-01
WESTMONT,WSPC2301373,2023-09-19,All Other Larceny,"200  55TH ST  , WESTMONT, IL",WESTMONT,IL,60559,41.788395,-87.965374,2023-09-01
WESTMONT,WSPC2301380,2023-09-19,Burglary/Breaking and Entering,"100  63RD ST  , WESTMONT, IL",WESTMONT,IL,60559,41.7739736,-87.9599978,2023-09-01
WILLOWBROOK,WLPC2300785,2023-09-18,Simple Assault,"6131  KNOLL WOOD RD  , WILLOWBROOK, IL",WILLOWBROOK,IL,60527,41.7786413,-87.9491046,2023-09-01
DARIEN,DAPC2301432,2023-09-18,Simple Assault,"7422  BROOKDALE DR  , DARIEN, IL",DARIEN,IL,60561,41.7538518,-87.9603171,2023-09-01
WESTMONT,WSPC2301370,2023-09-18,False Pretense/Swindle/Confidence Game,"204  MEMORY LN  , WESTMONT, IL",WESTMONT,IL,60559,41.770259,-87.982553,2023-09-01
WESTMONT,WSPC2301409,2023-09-18,All Other Larceny,"732  65TH ST  , WESTMONT, IL",WESTMONT,IL,60559,41.7697573,-87.977417,2023-09-01
DARIEN,DAPC2301427,2023-09-16,False Pretense/Swindle/Confidence Game,"2189  75TH ST  , DARIEN, IL",DARIEN,IL,60561,41.74873565,-87.99983894755658,2023-09-01
DARIEN,DAPC2301440,2023-09-16,Simple Assault,"7414  CASS AV  , DARIEN, IL",DARIEN,IL,60561,41.752837400000004,-87.97521088718611,2023-09-01
DARIEN,DAAR23000333,2023-09-16,Liquor Law Violations,"WOODRIDGE, IL",WOODRIDGE,IL,60517,41.7563344,-88.045559,2023-09-01
WESTMONT,WSAR23000441,2023-09-16,All Other Offenses,"DOWNERS GROVE, IL",DOWNERS GROVE,IL,60559,41.7936822,-88.0102281,2023-09-01
DUPAGE SO,SOPC2312256,2023-09-14,Simple Assault,"5630  CLARENDON HILLS RD  , CLARENDON HILLS, IL",CLARENDON HILLS,IL,60514,41.787821,-87.955647,2023-09-01
DARIEN,DAPC2301412,2023-09-14,Identity Theft,"113  69TH ST  , DARIEN, IL",DARIEN,IL,60561,41.7634765,-87.9455837,2023-09-01
DARIEN,DAPC2301418,2023-09-14,All Other Larceny,"7422  BROOKDALE DR  , DARIEN, IL",DARIEN,IL,60561,41.7538518,-87.9603171,2023-09-01
WESTMONT,WSPC2301350,2023-09-13,False Pretense/Swindle/Confidence Game,"105  61ST ST  , WESTMONT, IL",WESTMONT,IL,60559,41.777114,-87.984377,2023-09-01
DARIEN,DAPC2301405,2023-09-12,Shoplifting,"2189  75TH ST  , DARIEN, IL",DARIEN,IL,60561,41.74873565,-87.99983894755658,2023-09-01
WESTMONT,WSPC2301369,2023-09-11,Burglary/Breaking and Entering,"5940  CASS AV  , WESTMONT, IL",WESTMONT,IL,60559,41.8241615,-87.9732193,2023-09-01
DUPAGE SO,SOPC2314449,2023-09-10,Burglary/Breaking and Entering,"5660  ALABAMA AV  , CLARENDON HILLS, IL",CLARENDON HILLS,IL,60514,41.786764,-87.956821,2023-09-01
DUPAGE SO,SOPC2312085,2023-09-10,Simple Assault,"5500  TENNESSEE AV  , CLARENDON HILLS, IL",CLARENDON HILLS,IL,60514,,,2023-09-01
DARIEN,DAPC2301389,2023-09-10,False Pretense/Swindle/Confidence Game,"2189  75TH ST  , DARIEN, IL",DARIEN,IL,60561,41.74873565,-87.99983894755658,2023-09-01
WESTMONT,WSPC2301335,2023-09-10,Simple Assault,"539  BROOKSIDE DR  , WESTMONT, IL",WESTMONT,IL,60559,41.776037,-87.989727,2023-09-01
WESTMONT,WSPC2301330,2023-09-09,Destruction/Damage/Vandalism of Property,"515  61ST ST  , WESTMONT, IL",WESTMONT,IL,60559,41.777114,-87.984377,2023-09-01
DARIEN,DAPC2301382,2023-09-08,Simple Assault,"321  JANET AV  , DARIEN, IL",DARIEN,IL,60561,41.749984,-87.970738,2023-09-01
DARIEN,DAPC2301383,2023-09-08,False Pretense/Swindle/Confidence Game,"2189  75TH ST  , DARIEN, IL",DARIEN,IL,60561,41.74873565,-87.99983894755658,2023-09-01
WESTMONT,WSPC2301326,2023-09-08,Simple Assault,"6501  CASS AV  , WESTMONT, IL",WESTMONT,IL,60559,41.8241615,-87.9732193,2023-09-01
WESTMONT,WSPC2301327,2023-09-08,Destruction/Damage/Vandalism of Property,"816  ADAMS ST  , WESTMONT, IL",WESTMONT,IL,60559,41.81083,-87.9798,2023-09-01
WILLOWBROOK,WLPC2300755,2023-09-08,Simple Assault,"6184  PINEWOOD CT  , WILLOWBROOK, IL",WILLOWBROOK,IL,60527,41.776806,-87.9542839,2023-09-01
DARIEN,DAPC2301374,2023-09-07,Shoplifting,"2189  75TH ST  , DARIEN, IL",DARIEN,IL,60561,41.74873565,-87.99983894755658,2023-09-01
WESTMONT,WSAR23000421,2023-09-07,Disorderly Conduct,"1522  HARVEST LN  , WESTMONT, IL",WESTMONT,IL,60559,41.7672176,-87.976755,2023-09-01
DUPAGE SO,SOPC2311937,2023-09-06,Simple Assault,"18W 130  HOLLY AV  , DARIEN, IL",DARIEN,IL,60561,,,2023-09-01
DUPAGE SO,SOPC2311948,2023-09-06,Simple Assault,"18W 164  73RD PL  , DARIEN, IL",DARIEN,IL,60561,,,2023-09-01
DARIEN,DAPC2301371,2023-09-06,Extortion/Blackmail,"1910  CENTER CIR  , DARIEN, IL",DARIEN,IL,60561,41.746256,-87.9906821,2023-09-01
DARIEN,DAAR23000329,2023-09-06,All Other Offenses,"DARIEN, IL",DARIEN,IL,60561,41.7508713,-87.9739593,2023-09-01
LISLE,LIPC2301231,2023-09-05,Burglary/Breaking and Entering,"5328  MAIN ST  , LISLE, IL",LISLE,IL,60532,41.7925816,-88.0741176,2023-09-01
WESTMONT,WSPC2301306,2023-09-05,Destruction/Damage/Vandalism of Property,"5801  CASS AV  , WESTMONT, IL",WESTMONT,IL,60559,41.8241615,-87.9732193,2023-09-01
WESTMONT,WSPC2301310,2023-09-05,Simple Assault,"6501  CASS AV  , WESTMONT, IL",WESTMONT,IL,60559,41.8241615,-87.9732193,2023-09-01
WESTMONT,WSPC2301313,2023-09-05,Simple Assault,"80  63RD ST  , WESTMONT, IL",WESTMONT,IL,60559,41.7739736,-87.9599978,2023-09-01
DARIEN,DAPC2301355,2023-09-04,False Pretense/Swindle/Confidence Game,"2189  75TH ST  , DARIEN, IL",DARIEN,IL,60561,41.74873565,-87.99983894755658,2023-09-01
WESTMONT,WSPC2301292,2023-09-03,Destruction/Damage/Vandalism of Property,"301  HUDSON ST  , WESTMONT, IL",WESTMONT,IL,60559,41.791722,-87.982205,2023-09-01
WESTMONT,WSPC2301297,2023-09-03,Destruction/Damage/Vandalism of Property,"140  WASHINGTON ST  , WESTMONT, IL",WESTMONT,IL,60559,41.78719,-87.980476,2023-09-01
WESTMONT,WSPC2301299,2023-09-03,All Other Larceny,"6501  CASS AV  , WESTMONT, IL",WESTMONT,IL,60559,41.8241615,-87.9732193,2023-09-01
DARIEN,DAPC2301350,2023-09-03,Simple Assault,"7821  STRATFORD PL  , DARIEN, IL",DARIEN,IL,60561,41.746345,-87.968184,2023-09-01
WESTMONT,WSPC2301291,2023-09-02,Simple Assault,"1120  WILLIAMS ST  , WESTMONT, IL",WESTMONT,IL,60559,,,2023-09-01
WESTMONT,WSPC2301323,2023-09-02,Destruction/Damage/Vandalism of Property,"234  HUDSON ST  , WESTMONT, IL",WESTMONT,IL,60559,41.791722,-87.982205,2023-09-01
DARIEN,DAPC2301347,2023-09-02,False Pretense/Swindle/Confidence Game,"2189  75TH ST  , DARIEN, IL",DARIEN,IL,60561,41.74873565,-87.99983894755658,2023-09-01
DARIEN,DAPC2301982,2023-09-01,Credit Card/Automatic Teller Machine Fraud,"1816  DARIEN CLUB DR  , DARIEN, IL",DARIEN,IL,60561,41.76143,-87.978688,2023-09-01
DARIEN,DAPC2301739,2023-09-01,Identity Theft,"7313  EVANS PL  , DARIEN, IL",DARIEN,IL,60561,41.756286,-87.95173,2023-09-01
WESTMONT,WSPC2301287,2023-09-01,Burglary/Breaking and Entering,"250  63RD ST  , WESTMONT, IL",WESTMONT,IL,60559,41.7739736,-87.9599978,2023-09-01
DARIEN,DAPC2301340,2023-09-01,Shoplifting,"2189  75TH ST  , DARIEN, IL",DARIEN,IL,60561,41.74873565,-87.99983894755658,2023-09-01
DARIEN,DAPC2301336,2023-08-31,Extortion/Blackmail,"1526  SEQUOIA LN  , DARIEN, IL",DARIEN,IL,60561,41.7494756,-87.9779638,2023-08-01
DARIEN,DAPC2301338,2023-08-31,All Other Larceny,"7401  CLARENDON HILLS RD  , DARIEN, IL",DARIEN,IL,60561,41.7537494,-87.95136611323214,2023-08-01
WESTMONT,WSPC2301272,2023-08-31,Simple Assault,"821  WILLIAMS ST  , WESTMONT, IL",WESTMONT,IL,60559,41.78017305,-87.98382697519855,2023-08-01
DARIEN,DAPC2301342,2023-08-31,Destruction/Damage/Vandalism of Property,"7733  FARMINGDALE DR  , DARIEN, IL",DARIEN,IL,60561,41.7521774,-87.9617372,2023-08-01
DARIEN,DAPC2301335,2023-08-31,False Pretense/Swindle/Confidence Game,"110  JANET AV  , DARIEN, IL",DARIEN,IL,60561,41.749984,-87.970738,2023-08-01
DARIEN,DAPC2301327,2023-08-30,Destruction/Damage/Vandalism of Property,"7222  EMERSON DR  , DARIEN, IL",DARIEN,IL,60561,41.7576919,-87.9819284,2023-08-01
DARIEN,DAPC2301330,2023-08-30,Intimidation,"1102  PLAINFIELD RD  , DARIEN, IL",DARIEN,IL,60561,41.7498157,-87.9729562,2023-08-01
LISLE,LIAR23000198,2023-08-30,All Other Offenses,"LISLE, IL",LISLE,IL,60532,41.801159,-88.0747687,2023-08-01
DUPAGE SO,SOPC2311582,2023-08-29,All Other Larceny,"18W 130  HOLLY AV  , DARIEN, IL",DARIEN,IL,60561,,,2023-08-01
WESTMONT,WSPC2301269,2023-08-29,All Other Larceny,"100  63RD ST  , WESTMONT, IL",WESTMONT,IL,60559,41.7739736,-87.9599978,2023-08-01
WESTMONT,WSPC2301280,2023-08-29,All Other Larceny,"150  63RD ST  , WESTMONT, IL",WESTMONT,IL,60559,41.775442850000005,-87.9787068853551,2023-08-01
DARIEN,DAAR23000321,2023-08-29,All Other Offenses,"DARIEN, IL",DARIEN,IL,60561,41.7508713,-87.9739593,2023-08-01
WILLOWBROOK,WLPC2300726,2023-08-28,Destruction/Damage/Vandalism of Property,"7343  TENNESSEE DR  , WILLOWBROOK, IL",WILLOWBROOK,IL,60527,,,2023-08-01
WILLOWBROOK,WLPC2300726,2023-08-28,Theft From Building,"7343  TENNESSEE DR  , WILLOWBROOK, IL",WILLOWBROOK,IL,60527,,,2023-08-01
HINSDALE,HIJC23000039,2023-08-28,Curfew/Loitering/Vagrancy Violations,"CLARENDON HILLS, IL",CLARENDON HILLS,IL,60514,41.7961237,-87.9551429,2023-08-01
DARIEN,DAPC2301314,2023-08-27,Shoplifting,"2189  75TH ST  , DARIEN, IL",DARIEN,IL,60561,41.74873565,-87.99983894755658,2023-08-01
WESTMONT,WSPC2301248,2023-08-26,Destruction/Damage/Vandalism of Property,"602  CASS AV  , WESTMONT, IL",WESTMONT,IL,60559,41.8241615,-87.9732193,2023-08-01
WESTMONT,WSPC2301250,2023-08-26,Simple Assault,"300  59TH ST  , WESTMONT, IL",WESTMONT,IL,60559,41.7808155,-87.9804669,2023-08-01
WESTMONT,WSPC2301251,2023-08-26,Simple Assault,"6720  ASPEN LN  , WESTMONT, IL",WESTMONT,IL,60559,41.765514,-87.983537,2023-08-01
HINSDALE,HIJC23000038,2023-08-26,Curfew/Loitering/Vagrancy Violations,"CLARENDON HILLS, IL",CLARENDON HILLS,IL,60514,41.7961237,-87.9551429,2023-08-01
DARIEN,DAPC2301302,2023-08-25,Drug Equipment Violations,"7525  COMSTOCK LN  , DARIEN, IL",DARIEN,IL,60561,41.751306,-87.9658721,2023-08-01
DARIEN,DAPC2301302,2023-08-25,Drug/Narcotic Violations,"7525  COMSTOCK LN  , DARIEN, IL",DARIEN,IL,60561,41.751306,-87.9658721,2023-08-01
DARIEN,DAPC2301311,2023-08-25,Extortion/Blackmail,"7511  COUNTRY LN  , DARIEN, IL",DARIEN,IL,60561,41.7505041,-87.967694,2023-08-01
WILLOWBROOK,WLPC2300721,2023-08-24,All Other Larceny,"215  63RD ST  , WILLOWBROOK, IL",WILLOWBROOK,IL,60527,41.7741827,-87.9468698,2023-08-01
DARIEN,DAPC2301297,2023-08-24,Weapons Law Violations,"7511  LEMONT RD  , DARIEN, IL",DARIEN,IL,60561,41.7487711,-88.0103257,2023-08-01
DARIEN,DAPC2301376,2023-08-24,Identity Theft,"7715  SUSSEX CREEK DR  , DARIEN, IL",DARIEN,IL,60561,41.7483469,-87.96279,2023-08-01
LISLE,LIPC2301168,2023-08-24,Shoplifting,"1156  MAPLE AV  , LISLE, IL",LISLE,IL,60532,41.787013650000006,-88.07557005,2023-08-01
